{
  "best_metrics": {
    "train": {
      "loss": {
        "value": 0.34946207894943987,
        "epoch": 50
      },
      "mse": {
        "value": 0.3494602143764496,
        "epoch": 50
      },
      "spearman": {
        "value": 0.7603135147150901,
        "epoch": 50
      }
    },
    "val": {
      "loss": {
        "value": 0.6733941830314712,
        "epoch": 49
      },
      "mse": {
        "value": 0.6733923554420471,
        "epoch": 49
      },
      "spearman": {
        "value": 0.5281163591915533,
        "epoch": 50
      }
    }
  },
  "runs": {
    "final": {
      "loss": 0.6733941830314712,
      "mse": 0.6733923554420471,
      "spearman": 0.5270221887881323
    },
    "test": {
      "loss": 0.7043531063249838,
      "mse": 0.7043512463569641,
      "spearman": 0.5252315048368038
    }
  }
}