{
  "best_metrics": {
    "train": {
      "loss": {
        "value": 3.0420214995859505,
        "epoch": 92
      },
      "mse": {
        "value": 3.0418901443481445,
        "epoch": 92
      },
      "spearman": {
        "value": 0.6814387674771993,
        "epoch": 92
      }
    },
    "val": {
      "loss": {
        "value": 0.9732062137878693,
        "epoch": 75
      },
      "mse": {
        "value": 0.9730014801025391,
        "epoch": 75
      },
      "spearman": {
        "value": 0.6849352954381689,
        "epoch": 72
      }
    }
  },
  "runs": {
    "final": {
      "loss": 0.9732062137878693,
      "mse": 0.9730014801025391,
      "spearman": 0.6804484526378847
    },
    "test": {
      "loss": 1.122175539926041,
      "mse": 1.1219630241394043,
      "spearman": 0.7569760757462207
    }
  }
}