{
  "best_metrics": {
    "train": {
      "loss": {
        "value": 0.4445982673764229,
        "epoch": 35
      },
      "mse": {
        "value": 0.37858304381370544,
        "epoch": 35
      },
      "spearman": {
        "value": 0.822215422544227,
        "epoch": 35
      }
    },
    "val": {
      "loss": {
        "value": 0.3289135229587555,
        "epoch": 15
      },
      "mse": {
        "value": 0.2615301012992859,
        "epoch": 15
      },
      "spearman": {
        "value": 0.7343124082943433,
        "epoch": 18
      }
    }
  },
  "runs": {
    "final": {
      "loss": 0.3289135229587555,
      "mse": 0.2615301012992859,
      "spearman": 0.7227434911540251
    },
    "test": {
      "loss": 0.3703278744220734,
      "mse": 0.30303508043289185,
      "spearman": 0.697303920649504
    }
  }
}