{
  "best_metrics": {
    "train": {
      "loss": {
        "value": 0.07922764852643013,
        "epoch": 62
      },
      "mse": {
        "value": 0.07922764867544174,
        "epoch": 62
      },
      "spearman": {
        "value": 0.9683260246064104,
        "epoch": 61
      }
    },
    "val": {
      "loss": {
        "value": 0.1885109758377075,
        "epoch": 42
      },
      "mse": {
        "value": 0.1885109692811966,
        "epoch": 42
      },
      "spearman": {
        "value": 0.8198578572232854,
        "epoch": 42
      }
    }
  },
  "runs": {
    "final": {
      "loss": 0.1885109758377075,
      "mse": 0.1885109692811966,
      "spearman": 0.8198578572232854
    },
    "test": {
      "loss": 0.20812052369117737,
      "mse": 0.20812052488327026,
      "spearman": 0.7940841505259408
    }
  }
}