{
  "best_metrics": {
    "train": {
      "loss": {
        "value": 0.23888867832884939,
        "epoch": 41
      },
      "mse": {
        "value": 0.238888680934906,
        "epoch": 41
      },
      "spearman": {
        "value": 0.8291931128286272,
        "epoch": 40
      }
    },
    "val": {
      "loss": {
        "value": 0.6616991917600653,
        "epoch": 21
      },
      "mse": {
        "value": 0.6616991758346558,
        "epoch": 21
      },
      "spearman": {
        "value": 0.5362702392288278,
        "epoch": 21
      }
    }
  },
  "runs": {
    "final": {
      "loss": 0.6616991917600653,
      "mse": 0.6616991758346558,
      "spearman": 0.5362702392288278
    },
    "test": {
      "loss": 0.685464943477847,
      "mse": 0.6854649782180786,
      "spearman": 0.5403530649864324
    }
  }
}