{
  "best_metrics": {
    "train": {
      "loss": {
        "value": 0.27325521630777166,
        "epoch": 90
      },
      "mse": {
        "value": 0.27325522899627686,
        "epoch": 90
      },
      "spearman": {
        "value": 0.8085794772758816,
        "epoch": 90
      }
    },
    "val": {
      "loss": {
        "value": 0.6430175582611904,
        "epoch": 71
      },
      "mse": {
        "value": 0.6430175304412842,
        "epoch": 71
      },
      "spearman": {
        "value": 0.5510899455152976,
        "epoch": 79
      }
    }
  },
  "runs": {
    "final": {
      "loss": 0.6430175582611904,
      "mse": 0.6430175304412842,
      "spearman": 0.5477964702743393
    },
    "test": {
      "loss": 0.6775348875968275,
      "mse": 0.677534818649292,
      "spearman": 0.543431438704291
    }
  }
}