{
  "best_metrics": {
    "train": {
      "loss": {
        "value": 0.12065546989440917,
        "epoch": 33
      },
      "mse": {
        "value": 0.12065546959638596,
        "epoch": 33
      },
      "spearman": {
        "value": 0.9434447851537757,
        "epoch": 31
      }
    },
    "val": {
      "loss": {
        "value": 0.18478958189487457,
        "epoch": 13
      },
      "mse": {
        "value": 0.18478958308696747,
        "epoch": 13
      },
      "spearman": {
        "value": 0.8307990203812893,
        "epoch": 33
      }
    }
  },
  "runs": {
    "final": {
      "loss": 0.18478958189487457,
      "mse": 0.18478958308696747,
      "spearman": 0.8275316246537474
    },
    "test": {
      "loss": 0.2157641178369522,
      "mse": 0.215764120221138,
      "spearman": 0.8052209701310633
    }
  }
}