{
  "best_metrics": {
    "train": {
      "loss": {
        "value": 0.24084814784668093,
        "epoch": 43
      },
      "mse": {
        "value": 0.2408481389284134,
        "epoch": 43
      },
      "spearman": {
        "value": 0.8271541379704198,
        "epoch": 44
      }
    },
    "val": {
      "loss": {
        "value": 0.6474542683878389,
        "epoch": 24
      },
      "mse": {
        "value": 0.6474543213844299,
        "epoch": 24
      },
      "spearman": {
        "value": 0.547888475520654,
        "epoch": 22
      }
    }
  },
  "runs": {
    "final": {
      "loss": 0.6474542683878389,
      "mse": 0.6474543213844299,
      "spearman": 0.547853320858353
    },
    "test": {
      "loss": 0.6670821633093116,
      "mse": 0.6670822501182556,
      "spearman": 0.5547133202013579
    }
  }
}