{
  "best_metrics": {
    "train": {
      "loss": {
        "value": 0.30268611282110214,
        "epoch": 126
      },
      "mse": {
        "value": 0.3026861250400543,
        "epoch": 126
      },
      "spearman": {
        "value": 0.8764379193850816,
        "epoch": 125
      }
    },
    "val": {
      "loss": {
        "value": 0.20670599162578582,
        "epoch": 106
      },
      "mse": {
        "value": 0.2067060023546219,
        "epoch": 106
      },
      "spearman": {
        "value": 0.7962432447419869,
        "epoch": 106
      }
    }
  },
  "runs": {
    "final": {
      "loss": 0.20670599162578582,
      "mse": 0.2067060023546219,
      "spearman": 0.7962432447419869
    },
    "test": {
      "loss": 0.2152711844444275,
      "mse": 0.21527118980884552,
      "spearman": 0.7982369264807905
    }
  }
}