{
  "best_metrics": {
    "train": {
      "loss": {
        "value": 1.8684965913316787,
        "epoch": 59
      },
      "mse": {
        "value": 1.8684966564178467,
        "epoch": 59
      },
      "spearman": {
        "value": 0.7984554577656837,
        "epoch": 59
      }
    },
    "val": {
      "loss": {
        "value": 1.2261743779654974,
        "epoch": 40
      },
      "mse": {
        "value": 1.226174235343933,
        "epoch": 40
      },
      "spearman": {
        "value": 0.6696998600688974,
        "epoch": 49
      }
    }
  },
  "runs": {
    "final": {
      "loss": 1.2762549365962947,
      "mse": 1.2762548923492432,
      "spearman": 0.6676333993030734
    },
    "test": {
      "loss": 1.5281389524770337,
      "mse": 1.5281388759613037,
      "spearman": 0.6834079548619827
    }
  }
}