{
  "best_metrics": {
    "train": {
      "loss": {
        "value": 0.7330447355094091,
        "epoch": 51
      },
      "mse": {
        "value": 0.7330447435379028,
        "epoch": 51
      },
      "spearman": {
        "value": 0.9311904561103468,
        "epoch": 51
      }
    },
    "val": {
      "loss": {
        "value": 0.9521655765739647,
        "epoch": 31
      },
      "mse": {
        "value": 0.9521656036376953,
        "epoch": 31
      },
      "spearman": {
        "value": 0.6996402348084124,
        "epoch": 42
      }
    }
  },
  "runs": {
    "final": {
      "loss": 1.0622642141204697,
      "mse": 1.0622642040252686,
      "spearman": 0.697649970457069
    },
    "test": {
      "loss": 1.1005363602970921,
      "mse": 1.1005363464355469,
      "spearman": 0.7981709432637488
    }
  }
}