{
  "best_metrics": {
    "train": {
      "loss": {
        "value": 0.30270205861977273,
        "epoch": 71
      },
      "mse": {
        "value": 0.30270206928253174,
        "epoch": 71
      },
      "spearman": {
        "value": 0.7884620657876475,
        "epoch": 71
      }
    },
    "val": {
      "loss": {
        "value": 0.668382857564812,
        "epoch": 55
      },
      "mse": {
        "value": 0.6683828830718994,
        "epoch": 55
      },
      "spearman": {
        "value": 0.5387656913817095,
        "epoch": 66
      }
    }
  },
  "runs": {
    "final": {
      "loss": 0.668382857564812,
      "mse": 0.6683828830718994,
      "spearman": 0.5365990461027098
    },
    "test": {
      "loss": 0.705866066344992,
      "mse": 0.7058659791946411,
      "spearman": 0.529004225650135
    }
  }
}