{
  "best_metrics": {
    "train": {
      "loss": {
        "value": 0.2764766127480167,
        "epoch": 40
      },
      "mse": {
        "value": 0.2764766216278076,
        "epoch": 40
      },
      "spearman": {
        "value": 0.9586195282848186,
        "epoch": 40
      }
    },
    "val": {
      "loss": {
        "value": 0.9158986869159046,
        "epoch": 20
      },
      "mse": {
        "value": 0.9158986210823059,
        "epoch": 20
      },
      "spearman": {
        "value": 0.7471552692388296,
        "epoch": 12
      }
    }
  },
  "runs": {
    "final": {
      "loss": 0.9158986869159046,
      "mse": 0.9158986210823059,
      "spearman": 0.7258101257941897
    },
    "test": {
      "loss": 0.8269538873849913,
      "mse": 0.8269538283348083,
      "spearman": 0.812627864457228
    }
  }
}