{
  "best_metrics": {
    "train": {
      "loss": {
        "value": 1.762375958121991,
        "epoch": 31
      },
      "mse": {
        "value": 1.7623759508132935,
        "epoch": 31
      },
      "spearman": {
        "value": 0.8112498387622092,
        "epoch": 31
      }
    },
    "val": {
      "loss": {
        "value": 0.9363464748537218,
        "epoch": 11
      },
      "mse": {
        "value": 0.9363464713096619,
        "epoch": 11
      },
      "spearman": {
        "value": 0.7181555510204553,
        "epoch": 15
      }
    }
  },
  "runs": {
    "final": {
      "loss": 0.9363464748537218,
      "mse": 0.9363464713096619,
      "spearman": 0.7069847724967188
    },
    "test": {
      "loss": 0.958334458151529,
      "mse": 0.9583344459533691,
      "spearman": 0.7941446337349306
    }
  }
}