{
  "best_metrics": {
    "train": {
      "loss": {
        "value": 0.19693044818937777,
        "epoch": 57
      },
      "mse": {
        "value": 0.19693045318126678,
        "epoch": 57
      },
      "spearman": {
        "value": 0.9173220870501707,
        "epoch": 56
      }
    },
    "val": {
      "loss": {
        "value": 0.20117128252983094,
        "epoch": 37
      },
      "mse": {
        "value": 0.20117127895355225,
        "epoch": 37
      },
      "spearman": {
        "value": 0.8091164765826518,
        "epoch": 40
      }
    }
  },
  "runs": {
    "final": {
      "loss": 0.20117128252983094,
      "mse": 0.20117127895355225,
      "spearman": 0.8066171794777359
    },
    "test": {
      "loss": 0.22436081886291503,
      "mse": 0.22436082363128662,
      "spearman": 0.7893951212195075
    }
  }
}