{
  "best_metrics": {
    "train": {
      "loss": {
        "value": 3.6001674374812045,
        "epoch": 40
      },
      "mse": {
        "value": 3.6001672744750977,
        "epoch": 40
      },
      "spearman": {
        "value": 0.5985568702828813,
        "epoch": 39
      }
    },
    "val": {
      "loss": {
        "value": 1.053300092026994,
        "epoch": 21
      },
      "mse": {
        "value": 1.0533000230789185,
        "epoch": 21
      },
      "spearman": {
        "value": 0.6764699244830676,
        "epoch": 39
      }
    }
  },
  "runs": {
    "final": {
      "loss": 1.5486749387002205,
      "mse": 1.5486749410629272,
      "spearman": 0.6679739486552985
    },
    "test": {
      "loss": 1.6100838450498358,
      "mse": 1.610083818435669,
      "spearman": 0.7585374564399258
    }
  }
}