{
  "best_metrics": {
    "train": {
      "loss": {
        "value": 0.33043663054704664,
        "epoch": 109
      },
      "mse": {
        "value": 0.3304366171360016,
        "epoch": 109
      },
      "spearman": {
        "value": 0.8758153048047135,
        "epoch": 106
      }
    },
    "val": {
      "loss": {
        "value": 0.18519291818141936,
        "epoch": 89
      },
      "mse": {
        "value": 0.18519291281700134,
        "epoch": 89
      },
      "spearman": {
        "value": 0.8278962207166537,
        "epoch": 99
      }
    }
  },
  "runs": {
    "final": {
      "loss": 0.18519291818141936,
      "mse": 0.18519291281700134,
      "spearman": 0.8265369308436586
    },
    "test": {
      "loss": 0.20029561817646027,
      "mse": 0.20029562711715698,
      "spearman": 0.8181621135132093
    }
  }
}